support,itemsets
0.5877126769758048,frozenset({'buy'})
0.05694846790974744,frozenset({'seed'})
0.05564792525194826,frozenset({'product'})
0.05167999510383941,frozenset({'farm'})
0.017417071279937982,frozenset({'bag'})
0.10671080011424375,frozenset({'pay'})
0.04085233995675058,frozenset({'fee'})
0.014045860704231099,frozenset({'university'})
0.07038740870700559,frozenset({'supply'})
0.057693092333428536,frozenset({'stock'})
0.026245460851115916,frozenset({'fish'})
0.020961687543351423,frozenset({'tuition'})
0.020313966298094576,frozenset({'clothes'})
0.0358745766861153,frozenset({'oil'})
0.021114692561916032,frozenset({'clothing'})
0.015458607042310987,frozenset({'use'})
0.04414704802317516,frozenset({'rice'})
0.034466930515320904,frozenset({'sugar'})
0.2250703823085397,frozenset({'purchase'})
0.08013892855685667,frozenset({'fertilizer'})
0.049548125178505854,frozenset({'increase'})
0.042229385123832064,frozenset({'additional'})
0.017549675629360644,frozenset({'livestock'})
0.10766963156391529,frozenset({'business'})
0.01827899955118528,frozenset({'cow'})
0.049476722836509036,frozenset({'feed'})
0.15971173854502427,frozenset({'sell'})
0.012265902321596148,frozenset({'invest'})
0.031972948712717775,frozenset({'improve'})
0.05763699049328818,frozenset({'good'})
0.028127422579460607,frozenset({'vegetable'})
0.013010526745277246,frozenset({'bread'})
0.012679015871720592,frozenset({'meat'})
0.010705251132237137,frozenset({'dairy'})
0.013061528418132115,frozenset({'fruit'})
0.011643681912766738,frozenset({'variety'})
0.03667020278265127,frozenset({'new'})
0.020145660777673508,frozenset({'home'})
0.034293524827614344,frozenset({'build'})
0.02789791505161369,frozenset({'toilet'})
0.013484842302827533,frozenset({'access'})
0.05510730751968665,frozenset({'material'})
0.025454934921865437,frozenset({'thread'})
0.014688481782202457,frozenset({'raw'})
0.029988983638663348,frozenset({'expand'})
0.02356787302623526,frozenset({'machine'})
0.01579011791586764,frozenset({'sewing'})
0.015280101187318944,frozenset({'cloth'})
0.020288465461667144,frozenset({'income'})
0.025521237096576766,frozenset({'customer'})
0.08272981353788404,frozenset({'family'})
0.02079338202293035,frozenset({'sale'})
0.0125974131951528,frozenset({'animal'})
0.024822514178465052,frozenset({'order'})
0.01281672038842874,frozenset({'resale'})
0.051241380717287524,frozenset({'item'})
0.0393579909421029,frozenset({'etc'})
0.03776163858174548,frozenset({'grocery'})
0.020329266799951038,frozenset({'milk'})
0.016269533640703417,frozenset({'sack'})
0.014351870741360316,frozenset({'cattle'})
0.012337304663592966,frozenset({'resell'})
0.013382838957117794,frozenset({'vitamin'})
0.011582479905340896,frozenset({'husband'})
0.029560569586682444,frozenset({'make'})
0.017932188175772166,frozenset({'care'})
0.01622363213513403,frozenset({'child'})
0.013479742135542046,frozenset({'equipment'})
0.03049390019992656,frozenset({'store'})
0.01023093557468685,frozenset({'shoe'})
0.04591170590395365,frozenset({'food'})
0.01058284711738545,frozenset({'inventory'})
0.03449753151903383,frozenset({'raise'})
0.019130727487861602,frozenset({'chicken'})
0.026984985107511527,frozenset({'solar'})
0.011062262842221225,frozenset({'coffee'})
0.02375147904851279,frozenset({'maize'})
0.014443673752499083,frozenset({'bean'})
0.058585621608388753,frozenset({'provide'})
0.015213799012607613,frozenset({'well'})
0.022828348769839652,frozenset({'school'})
0.018039291688767393,frozenset({'production'})
0.01017993390183198,frozenset({'help'})
0.010587947284670936,frozenset({'labor'})
0.010067730221551267,frozenset({'start'})
0.01931943367742462,frozenset({'grow'})
0.06750581419070545,frozenset({'water'})
0.020094659104818637,frozenset({'ingredient'})
0.019207229997143905,frozenset({'need'})
0.01817189603819005,frozenset({'fabric'})
0.014158064384511813,frozenset({'work'})
0.0120108939573218,frozenset({'shop'})
0.015070994328613979,frozenset({'house'})
0.01679995103839406,frozenset({'corn'})
0.015014892488473621,frozenset({'crop'})
0.010322738585825615,frozenset({'harvest'})
0.011368272879350442,frozenset({'tool'})
0.0416275653841446,frozenset({'like'})
0.022588640907421763,frozenset({'flour'})
0.01338793912440328,frozenset({'soap'})
0.03130992696560447,frozenset({'pig'})
0.021532906279325963,frozenset({'drink'})
0.014203965890081195,frozenset({'repair'})
0.01516789750703823,frozenset({'cement'})
0.01081745481251785,frozenset({'sand'})
0.010210534905544901,frozenset({'part'})
0.010786853808804928,frozenset({'service'})
0.011465176057774695,frozenset({'light'})
0.014331470072218369,frozenset({'snack'})
0.01281672038842874,frozenset({'hybrid'})
0.012872822228569097,frozenset({'cost'})
0.015326002692888327,frozenset({'beverage'})
0.013943857358521359,frozenset({'pesticide'})
0.026546370720959646,frozenset({'can'})
0.05162389326369905,frozenset({'drinking'})
0.050410053449753155,frozenset({'safe'})
0.050333550940470845,frozenset({'filter'})
0.02471031049818434,frozenset({'input'})
0.011276469868211677,frozenset({'farming'})
0.016657146354400423,frozenset({'sanitary'})
0.011745685258476479,frozenset({'personal'})
0.010445142600677302,frozenset({'yield'})
0.03543086213227794,"frozenset({'seed', 'buy'})"
0.040633032763474644,"frozenset({'fertilizer', 'seed'})"
0.01930413317556816,"frozenset({'seed', 'purchase'})"
0.022624342078420172,"frozenset({'fertilizer', 'seed', 'buy'})"
0.01652964217226325,"frozenset({'fertilizer', 'seed', 'purchase'})"
0.04125015300501857,"frozenset({'buy', 'product'})"
0.02434309845362928,"frozenset({'sell', 'product'})"
0.0183096005548982,"frozenset({'good', 'product'})"
0.020058957933820228,"frozenset({'buy', 'sell', 'product'})"
0.016988657227957078,"frozenset({'buy', 'good', 'product'})"
0.015229099514464075,"frozenset({'good', 'sell', 'product'})"
0.0147496837896283,"frozenset({'buy', 'good', 'sell', 'product'})"
0.03171794034844343,"frozenset({'farm', 'buy'})"
0.013923456689379412,"frozenset({'farm', 'seed'})"
0.020466971316659185,"frozenset({'farm', 'fertilizer'})"
0.01543820637316904,"frozenset({'farm', 'purchase'})"
0.011679383083765147,"frozenset({'farm', 'seed', 'buy'})"
0.0148669876371945,"frozenset({'farm', 'fertilizer', 'buy'})"
0.013087029254559549,"frozenset({'bag', 'buy'})"
0.017192663919376554,"frozenset({'buy', 'pay'})"
0.03499224774572606,"frozenset({'fee', 'pay'})"
0.013163531763841854,"frozenset({'university', 'pay'})"
0.05545921906238525,"frozenset({'buy', 'supply'})"
0.01128667020278265,"frozenset({'purchase', 'supply'})"
0.01138867354849239,"frozenset({'business', 'supply'})"
0.010093231057978701,"frozenset({'business', 'buy', 'supply'})"
0.013658247990534089,"frozenset({'stock', 'sell'})"
0.013209433269411236,"frozenset({'stock', 'purchase'})"
0.030029784976947242,"frozenset({'stock', 'buy'})"
0.010067730221551267,"frozenset({'stock', 'business'})"
0.017274266595944346,"frozenset({'fish', 'buy'})"
0.01051654494267412,"frozenset({'fish', 'sell'})"
0.020288465461667144,"frozenset({'tuition', 'pay'})"
0.013107429923701498,"frozenset({'fee', 'tuition'})"
0.0125974131951528,"frozenset({'fee', 'tuition', 'pay'})"
0.01402546003508915,"frozenset({'clothes', 'buy'})"
0.024388999959198663,"frozenset({'oil', 'buy'})"
0.011970092619037904,"frozenset({'oil', 'rice'})"
0.013097229589130524,"frozenset({'clothing', 'buy'})"
0.01026663674568526,"frozenset({'use', 'buy'})"
0.028632339140723814,"frozenset({'rice', 'buy'})"
0.010383940593251458,"frozenset({'rice', 'sell'})"
0.011352972377493982,"frozenset({'rice', 'purchase'})"
0.014484475090782978,"frozenset({'sugar', 'rice'})"
0.023134358806968867,"frozenset({'sugar', 'buy'})"
0.01056754661552899,"frozenset({'sugar', 'oil'})"
0.028458933453017258,"frozenset({'fertilizer', 'purchase'})"
0.0488647027622506,"frozenset({'fertilizer', 'buy'})"
0.021323799420620997,"frozenset({'increase', 'buy'})"
0.01718246358480558,"frozenset({'purchase', 'increase'})"
0.02128809824962259,"frozenset({'additional', 'buy'})"
0.01793728834305765,"frozenset({'additional', 'purchase'})"
0.021716512301603492,"frozenset({'additional', 'sell'})"
0.011398873883063364,"frozenset({'additional', 'sell', 'buy'})"
0.01373985066710188,"frozenset({'livestock', 'buy'})"
0.059641356236484554,"frozenset({'business', 'buy'})"
0.02558243910400261,"frozenset({'business', 'purchase'})"
0.013566444979395324,"frozenset({'business', 'sell'})"
0.011215267860785834,"frozenset({'cow', 'buy'})"
0.03816965196458444,"frozenset({'feed', 'buy'})"
0.02194091966216492,"frozenset({'feed', 'supply'})"
0.010373740258680484,"frozenset({'feed', 'purchase'})"
0.019997755926394387,"frozenset({'feed', 'buy', 'supply'})"
0.11105104247419316,"frozenset({'sell', 'buy'})"
0.03843996083071525,"frozenset({'purchase', 'sell'})"
0.013495042637398506,"frozenset({'improve', 'buy'})"
0.04110734832102493,"frozenset({'good', 'buy'})"
0.026735076910522664,"frozenset({'good', 'sell'})"
0.023170059977967276,"frozenset({'good', 'sell', 'buy'})"
0.01950813986698764,"frozenset({'vegetable', 'buy'})"
0.024837814680321514,"frozenset({'new', 'buy'})"
0.02217552735729732,"frozenset({'build', 'family'})"
0.020839283528499734,"frozenset({'build', 'toilet'})"
0.016019625443714554,"frozenset({'family', 'toilet'})"
0.01582581908686605,"frozenset({'build', 'family', 'toilet'})"
0.03481374189073402,"frozenset({'material', 'buy'})"
0.016958056224244154,"frozenset({'material', 'purchase'})"
0.01414276388265535,"frozenset({'material', 'business'})"
0.016973356726100616,"frozenset({'thread', 'buy'})"
0.01128667020278265,"frozenset({'thread', 'material'})"
0.013347137786119385,"frozenset({'material', 'raw'})"
0.021629809457750213,"frozenset({'expand', 'business'})"
0.013030927414419193,"frozenset({'expand', 'purchase'})"
0.010506344608103145,"frozenset({'expand', 'business', 'purchase'})"
0.01736606960708311,"frozenset({'machine', 'buy'})"
0.013194132767554776,"frozenset({'sewing', 'machine'})"
0.012225100983312252,"frozenset({'sewing', 'buy'})"
0.010353339589538537,"frozenset({'sewing', 'machine', 'buy'})"
0.01024623607654331,"frozenset({'thread', 'cloth'})"
0.013551144477538864,"frozenset({'buy', 'income'})"
0.016621445183402014,"frozenset({'customer', 'buy'})"
0.052286915010812354,"frozenset({'family', 'buy'})"
0.012714717042719,"frozenset({'sale', 'buy'})"
0.014423273083357134,"frozenset({'buy', 'order'})"
0.04016381737320984,"frozenset({'item', 'buy'})"
0.02976967644538741,"frozenset({'item', 'sell'})"
0.02314965930882533,"frozenset({'item', 'good'})"
0.016050226447427474,"frozenset({'item', 'product'})"
0.026434167040678934,"frozenset({'item', 'sell', 'buy'})"
0.02197152066587784,"frozenset({'item', 'good', 'buy'})"
0.02007425843567669,"frozenset({'item', 'good', 'sell'})"
0.01930413317556816,"frozenset({'item', 'good', 'sell', 'buy'})"
0.015259700518176995,"frozenset({'item', 'buy', 'product'})"
0.014530376596352361,"frozenset({'item', 'good', 'product'})"
0.01456607776735077,"frozenset({'item', 'sell', 'product'})"
0.014321269737647396,"frozenset({'item', 'good', 'buy', 'product'})"
0.014132563548084377,"frozenset({'item', 'good', 'sell', 'product'})"
0.013984658696805255,"frozenset({'item', 'good', 'buy', 'product', 'sell'})"
0.014300869068505447,"frozenset({'item', 'buy', 'sell', 'product'})"
0.023103757803255947,"frozenset({'etc', 'buy'})"
0.01113876535150353,"frozenset({'etc', 'purchase'})"
0.013301236280550003,"frozenset({'etc', 'sell'})"
0.027591905014484476,"frozenset({'grocery', 'buy'})"
0.017207964421233016,"frozenset({'item', 'grocery'})"
0.02215512668815537,"frozenset({'grocery', 'sell'})"
0.015514708882451345,"frozenset({'good', 'grocery'})"
0.010526745277245094,"frozenset({'grocery', 'product'})"
0.010394140927822433,"frozenset({'food', 'grocery'})"
0.010929658492798564,"frozenset({'like', 'grocery'})"
0.014948590313762292,"frozenset({'item', 'grocery', 'buy'})"
0.012082296299318618,"frozenset({'grocery', 'item', 'sell'})"
0.011352972377493982,"frozenset({'grocery', 'item', 'sell', 'buy'})"
0.01856460891917255,"frozenset({'grocery', 'sell', 'buy'})"
0.014540576930923334,"frozenset({'good', 'grocery', 'buy'})"
0.012939124403280428,"frozenset({'item', 'good', 'grocery'})"
0.011521277897915051,"frozenset({'grocery', 'good', 'sell'})"
0.012745318046431923,"frozenset({'item', 'good', 'grocery', 'buy'})"
0.01113876535150353,"frozenset({'grocery', 'good', 'sell', 'buy'})"
0.010669549961238728,"frozenset({'grocery', 'item', 'good', 'sell'})"
0.010557346280958016,"frozenset({'item', 'sell', 'good', 'buy', 'grocery'})"
0.010185034069117468,"frozenset({'item', 'like', 'grocery'})"
0.010241135909257824,"frozenset({'like', 'grocery', 'buy'})"
0.010108531559835163,"frozenset({'like', 'good', 'grocery'})"
0.010042229385123832,"frozenset({'grocery', 'like', 'sell'})"
0.011026561671222816,"frozenset({'buy', 'milk'})"
0.012031294626463749,"frozenset({'vitamin', 'feed'})"
0.010710351299522624,"frozenset({'vitamin', 'buy'})"
0.01850850707903219,"frozenset({'make', 'buy'})"
0.015953323269003224,"frozenset({'care', 'buy'})"
0.0163154351462728,"frozenset({'care', 'product'})"
0.01501999265575911,"frozenset({'care', 'good'})"
0.014724182953200864,"frozenset({'care', 'sell'})"
0.01441307274878616,"frozenset({'item', 'care'})"
0.012842221224856174,"frozenset({'like', 'care'})"
0.01216389897588641,"frozenset({'care', 'can'})"
0.015060793994043005,"frozenset({'buy', 'care', 'product'})"
0.014693581949487944,"frozenset({'care', 'good', 'product'})"
0.01461707944020564,"frozenset({'care', 'good', 'buy'})"
0.014387571912358725,"frozenset({'buy', 'care', 'good', 'product'})"
0.014504875759924925,"frozenset({'care', 'sell', 'product'})"
0.01441307274878616,"frozenset({'care', 'sell', 'buy'})"
0.014254967562936064,"frozenset({'good', 'care', 'sell'})"
0.014244767228365091,"frozenset({'care', 'sell', 'buy', 'product'})"
0.01417846505365376,"frozenset({'good', 'care', 'sell', 'product'})"
0.014081561875229508,"frozenset({'good', 'care', 'sell', 'buy'})"
0.01402546003508915,"frozenset({'good', 'buy', 'product', 'care', 'sell'})"
0.014341670406789343,"frozenset({'item', 'care', 'product'})"
0.014198865722795708,"frozenset({'item', 'care', 'good'})"
0.01419376555551022,"frozenset({'item', 'care', 'buy'})"
0.014086662042514995,"frozenset({'item', 'care', 'sell'})"
0.014168264719082786,"frozenset({'item', 'care', 'good', 'product'})"
0.01414276388265535,"frozenset({'buy', 'item', 'care', 'product'})"
0.01402546003508915,"frozenset({'item', 'care', 'good', 'buy'})"
0.013999959198661717,"frozenset({'item', 'good', 'buy', 'product', 'care'})"
0.014045860704231099,"frozenset({'item', 'care', 'sell', 'product'})"
0.013969358194948794,"frozenset({'item', 'good', 'care', 'sell'})"
0.013918356522093925,"frozenset({'item', 'care', 'sell', 'buy'})"
0.013938757191235872,"frozenset({'item', 'good', 'product', 'care', 'sell'})"
0.013882655351095516,"frozenset({'item', 'buy', 'product', 'care', 'sell'})"
0.013821453343669672,"frozenset({'item', 'good', 'buy', 'care', 'sell'})"
0.013795952507242238,"frozenset({'item', 'good', 'buy', 'product', 'care', 'sell'})"
0.012801419886572279,"frozenset({'like', 'care', 'product'})"
0.012730017544575463,"frozenset({'item', 'like', 'care'})"
0.012709616875433514,"frozenset({'like', 'care', 'good'})"
0.012679015871720592,"frozenset({'like', 'care', 'buy'})"
0.012602513362438289,"frozenset({'like', 'care', 'sell'})"
0.012694316373577054,"frozenset({'item', 'like', 'care', 'product'})"
0.012679015871720592,"frozenset({'like', 'care', 'good', 'product'})"
0.012628014198865722,"frozenset({'item', 'like', 'care', 'good'})"
0.0125974131951528,"frozenset({'item', 'good', 'product', 'like', 'care'})"
0.012643314700722184,"frozenset({'buy', 'like', 'care', 'product'})"
0.012602513362438289,"frozenset({'item', 'like', 'care', 'buy'})"
0.012577012526010853,"frozenset({'like', 'care', 'good', 'buy'})"
0.012571912358725366,"frozenset({'item', 'buy', 'product', 'like', 'care'})"
0.012551511689583418,"frozenset({'good', 'buy', 'product', 'like', 'care'})"
0.012510710351299522,"frozenset({'item', 'good', 'buy', 'like', 'care'})"
0.012485209514872088,"frozenset({'item', 'good', 'buy', 'product', 'like', 'care'})"
0.01256681219143988,"frozenset({'like', 'care', 'sell', 'product'})"
0.012561712024154393,"frozenset({'item', 'like', 'care', 'sell'})"
0.012505610184014035,"frozenset({'like', 'good', 'care', 'sell'})"
0.012459708678444653,"frozenset({'like', 'care', 'sell', 'buy'})"
0.012526010853155984,"frozenset({'item', 'product', 'like', 'care', 'sell'})"
0.012475009180301113,"frozenset({'item', 'good', 'like', 'care', 'sell'})"
0.012475009180301113,"frozenset({'good', 'product', 'like', 'care', 'sell'})"
0.012444408176588193,"frozenset({'item', 'good', 'product', 'like', 'care', 'sell'})"
0.012434207842017217,"frozenset({'item', 'buy', 'like', 'care', 'sell'})"
0.01242910767473173,"frozenset({'buy', 'product', 'like', 'care', 'sell'})"
0.012383206169162348,"frozenset({'good', 'buy', 'like', 'care', 'sell'})"
0.012403606838304297,"frozenset({'item', 'buy', 'product', 'like', 'care', 'sell'})"
0.012357705332734914,"frozenset({'good', 'buy', 'product', 'like', 'care', 'sell'})"
0.012357705332734914,"frozenset({'item', 'good', 'buy', 'like', 'care', 'sell'})"
0.012332204496307479,"frozenset({'item', 'good', 'buy', 'product', 'like', 'care', 'sell'})"
0.01214349830674446,"frozenset({'can', 'care', 'good'})"
0.012133297972173487,"frozenset({'care', 'can', 'product'})"
0.011919090946183035,"frozenset({'care', 'can', 'buy'})"
0.01187828960789914,"frozenset({'item', 'care', 'can'})"
0.011817087600473295,"frozenset({'can', 'care', 'sell'})"
0.011495777061487618,"frozenset({'like', 'care', 'can'})"
0.01211289730303154,"frozenset({'can', 'care', 'good', 'product'})"
0.011903790444326575,"frozenset({'can', 'care', 'good', 'buy'})"
0.0118935901097556,"frozenset({'buy', 'care', 'can', 'product'})"
0.01187828960789914,"frozenset({'good', 'can', 'buy', 'product', 'care'})"
0.01185788893875719,"frozenset({'item', 'can', 'care', 'good'})"
0.011847688604186217,"frozenset({'item', 'care', 'can', 'product'})"
0.011730384756620017,"frozenset({'item', 'care', 'can', 'buy'})"
0.01182728793504427,"frozenset({'item', 'good', 'can', 'product', 'care'})"
0.011715084254763556,"frozenset({'item', 'good', 'can', 'buy', 'care'})"
0.011704883920192583,"frozenset({'item', 'can', 'buy', 'product', 'care'})"
0.011689583418336121,"frozenset({'item', 'good', 'can', 'buy', 'product', 'care'})"
0.011796686931331348,"frozenset({'can', 'good', 'care', 'sell'})"
0.011786486596760374,"frozenset({'can', 'care', 'sell', 'product'})"
0.011715084254763556,"frozenset({'item', 'can', 'care', 'sell'})"
0.011684483251050634,"frozenset({'can', 'care', 'sell', 'buy'})"
0.011766085927618426,"frozenset({'good', 'can', 'product', 'care', 'sell'})"
0.011694683585621608,"frozenset({'item', 'good', 'can', 'care', 'sell'})"
0.011684483251050634,"frozenset({'item', 'can', 'product', 'care', 'sell'})"
0.011664082581908687,"frozenset({'item', 'good', 'can', 'product', 'care', 'sell'})"
0.011669182749194174,"frozenset({'good', 'can', 'buy', 'care', 'sell'})"
0.0116589824146232,"frozenset({'can', 'buy', 'product', 'care', 'sell'})"
0.011582479905340896,"frozenset({'item', 'can', 'buy', 'care', 'sell'})"
0.011643681912766738,"frozenset({'good', 'can', 'buy', 'product', 'care', 'sell'})"
0.011567179403484434,"frozenset({'item', 'good', 'can', 'buy', 'care', 'sell'})"
0.01155697906891346,"frozenset({'item', 'can', 'buy', 'product', 'care', 'sell'})"
0.011541678567057,"frozenset({'item', 'good', 'can', 'buy', 'product', 'care', 'sell'})"
0.011480476559631156,"frozenset({'can', 'like', 'care', 'good'})"
0.011465176057774695,"frozenset({'like', 'care', 'can', 'product'})"
0.011444775388632747,"frozenset({'item', 'like', 'care', 'can'})"
0.011378473213921417,"frozenset({'like', 'care', 'can', 'buy'})"
0.011312171039210086,"frozenset({'can', 'like', 'care', 'sell'})"
0.011449875555918233,"frozenset({'good', 'can', 'product', 'like', 'care'})"
0.011429474886776286,"frozenset({'item', 'good', 'can', 'like', 'care'})"
0.011414174384919826,"frozenset({'item', 'can', 'product', 'like', 'care'})"
0.011398873883063364,"frozenset({'item', 'good', 'can', 'product', 'like', 'care'})"
0.011363172712064955,"frozenset({'good', 'can', 'buy', 'like', 'care'})"
0.011352972377493982,"frozenset({'can', 'buy', 'product', 'like', 'care'})"
0.011332571708352035,"frozenset({'item', 'can', 'buy', 'like', 'care'})"
0.011337671875637521,"frozenset({'good', 'can', 'buy', 'product', 'like', 'care'})"
0.011317271206495573,"frozenset({'item', 'good', 'can', 'buy', 'like', 'care'})"
0.0113070708719246,"frozenset({'item', 'can', 'buy', 'product', 'like', 'care'})"
0.011291770370068139,"frozenset({'item', 'good', 'can', 'buy', 'product', 'like', 'care'})"
0.011296870537353626,"frozenset({'item', 'can', 'like', 'care', 'sell'})"
0.011296870537353626,"frozenset({'good', 'can', 'like', 'care', 'sell'})"
0.011281570035497164,"frozenset({'can', 'product', 'like', 'care', 'sell'})"
0.011199967358929372,"frozenset({'can', 'buy', 'like', 'care', 'sell'})"
0.011281570035497164,"frozenset({'item', 'good', 'can', 'like', 'care', 'sell'})"
0.011266269533640703,"frozenset({'good', 'can', 'product', 'like', 'care', 'sell'})"
0.011266269533640703,"frozenset({'item', 'can', 'product', 'like', 'care', 'sell'})"
0.011250969031784243,"frozenset({'item', 'good', 'can', 'product', 'like', 'care', 'sell'})"
0.011184666857072912,"frozenset({'good', 'can', 'buy', 'like', 'care', 'sell'})"
0.011184666857072912,"frozenset({'item', 'can', 'buy', 'like', 'care', 'sell'})"
0.011174466522501939,"frozenset({'can', 'buy', 'product', 'like', 'care', 'sell'})"
0.011169366355216452,"frozenset({'item', 'good', 'can', 'buy', 'like', 'care', 'sell'})"
0.011159166020645477,"frozenset({'item', 'can', 'buy', 'product', 'like', 'care', 'sell'})"
0.011159166020645477,"frozenset({'good', 'can', 'buy', 'product', 'like', 'care', 'sell'})"
0.011143865518789016,"frozenset({'item', 'good', 'can', 'buy', 'product', 'like', 'care', 'sell'})"
0.010383940593251458,"frozenset({'child', 'pay'})"
0.01814129503447713,"frozenset({'store', 'buy'})"
0.010271736912970746,"frozenset({'store', 'sell'})"
0.03754233138846954,"frozenset({'food', 'buy'})"
0.014861887469909013,"frozenset({'item', 'food'})"
0.010287037414827206,"frozenset({'business', 'food'})"
0.014805785629768656,"frozenset({'food', 'good'})"
0.010679750295809703,"frozenset({'food', 'product'})"
0.019074625647721246,"frozenset({'food', 'sell'})"
0.01362254681953568,"frozenset({'item', 'food', 'buy'})"
0.01246480884573014,"frozenset({'item', 'food', 'sell'})"
0.012041494961034722,"frozenset({'item', 'food', 'sell', 'buy'})"
0.014096862377085968,"frozenset({'food', 'good', 'buy'})"
0.012031294626463749,"frozenset({'item', 'food', 'good'})"
0.011990493288179853,"frozenset({'good', 'food', 'sell'})"
0.011883389775184626,"frozenset({'item', 'food', 'good', 'buy'})"
0.011699783752907096,"frozenset({'good', 'food', 'sell', 'buy'})"
0.011352972377493982,"frozenset({'item', 'good', 'food', 'sell'})"
0.011261169366355217,"frozenset({'item', 'good', 'buy', 'food', 'sell'})"
0.016779550369252112,"frozenset({'food', 'sell', 'buy'})"
0.02661267289567098,"frozenset({'raise', 'buy'})"
0.022170427190011832,"frozenset({'raise', 'feed'})"
0.02115039373291444,"frozenset({'raise', 'supply'})"
0.0202272634542413,"frozenset({'raise', 'feed', 'buy'})"
0.020721979680933533,"frozenset({'raise', 'feed', 'supply'})"
0.019610143212697377,"frozenset({'raise', 'buy', 'supply'})"
0.01923783100085683,"frozenset({'raise', 'feed', 'buy', 'supply'})"
0.01419376555551022,"frozenset({'chicken', 'buy'})"
0.012903423232282019,"frozenset({'solar', 'buy'})"
0.013163531763841854,"frozenset({'solar', 'purchase'})"
0.011414174384919826,"frozenset({'fertilizer', 'maize'})"
0.011368272879350442,"frozenset({'seed', 'maize'})"
0.013933657023950385,"frozenset({'purchase', 'maize'})"
0.011148965686074503,"frozenset({'fertilizer', 'seed', 'maize'})"
0.05169019543841038,"frozenset({'provide', 'buy'})"
0.04866069607083112,"frozenset({'family', 'provide'})"
0.04826798318984863,"frozenset({'water', 'provide'})"
0.0469878412011914,"frozenset({'family', 'provide', 'buy'})"
0.04655432698192501,"frozenset({'water', 'provide', 'buy'})"
0.04568729854339222,"frozenset({'water', 'family', 'provide'})"
0.04547309151740177,"frozenset({'water', 'family', 'provide', 'buy'})"
0.017121261577379737,"frozenset({'school', 'pay'})"
0.01574421641029826,"frozenset({'school', 'fee'})"
0.015285201354604431,"frozenset({'school', 'fee', 'pay'})"
0.014076461707944021,"frozenset({'production', 'buy'})"
0.011281570035497164,"frozenset({'grow', 'buy'})"
0.04899220694438777,"frozenset({'water', 'family'})"
0.05507160634868824,"frozenset({'water', 'buy'})"
0.04560569586682443,"frozenset({'water', 'family', 'buy'})"
0.010878656819943695,"frozenset({'ingredient', 'food'})"
0.015902321596148353,"frozenset({'ingredient', 'buy'})"
0.013469541800971072,"frozenset({'buy', 'need'})"
0.010093231057978701,"frozenset({'business', 'need'})"
0.013974458362234281,"frozenset({'fabric', 'buy'})"
0.011949691949895957,"frozenset({'corn', 'buy'})"
0.021986821167734302,"frozenset({'like', 'sell'})"
0.020783181688359378,"frozenset({'item', 'like'})"
0.030703007058631524,"frozenset({'like', 'buy'})"
0.015468807376881962,"frozenset({'like', 'product'})"
0.012383206169162348,"frozenset({'like', 'food'})"
0.019457138194132768,"frozenset({'like', 'good'})"
0.019742747562120036,"frozenset({'like', 'sell', 'buy'})"
0.018906320127300175,"frozenset({'item', 'like', 'sell'})"
0.019023623974866375,"frozenset({'item', 'like', 'buy'})"
0.018268799216614305,"frozenset({'item', 'like', 'sell', 'buy'})"
0.014249867395650578,"frozenset({'buy', 'like', 'product'})"
0.013219633603982211,"frozenset({'like', 'sell', 'product'})"
0.013025827247133706,"frozenset({'like', 'good', 'product'})"
0.01296972540699335,"frozenset({'item', 'like', 'product'})"
0.012796319719286792,"frozenset({'buy', 'like', 'sell', 'product'})"
0.012801419886572279,"frozenset({'buy', 'like', 'good', 'product'})"
0.012663715369864131,"frozenset({'like', 'good', 'sell', 'product'})"
0.012500510016728549,"frozenset({'good', 'buy', 'product', 'like', 'sell'})"
0.012781019217430332,"frozenset({'item', 'like', 'buy', 'product'})"
0.01273511771186095,"frozenset({'item', 'like', 'good', 'product'})"
0.012689216206291567,"frozenset({'item', 'like', 'sell', 'product'})"
0.012622914031580236,"frozenset({'item', 'good', 'buy', 'product', 'like'})"
0.01256681219143988,"frozenset({'item', 'good', 'product', 'like', 'sell'})"
0.012561712024154393,"frozenset({'item', 'product', 'buy', 'like', 'sell'})"
0.012454608511159166,"frozenset({'item', 'good', 'buy', 'product', 'like', 'sell'})"
0.011908890611612061,"frozenset({'like', 'food', 'buy'})"
0.01068485046309519,"frozenset({'like', 'food', 'good'})"
0.010618548288383859,"frozenset({'item', 'like', 'food'})"
0.010608347953812885,"frozenset({'like', 'food', 'sell'})"
0.010485943938961198,"frozenset({'like', 'food', 'good', 'buy'})"
0.010475743604390225,"frozenset({'item', 'like', 'food', 'buy'})"
0.010394140927822433,"frozenset({'item', 'like', 'food', 'good'})"
0.010332938920396589,"frozenset({'item', 'good', 'buy', 'like', 'food'})"
0.010450242767962789,"frozenset({'like', 'food', 'sell', 'buy'})"
0.010322738585825615,"frozenset({'item', 'like', 'food', 'sell'})"
0.010317638418540128,"frozenset({'like', 'good', 'food', 'sell'})"
0.010256436411114284,"frozenset({'item', 'buy', 'like', 'food', 'sell'})"
0.010236035741972337,"frozenset({'item', 'good', 'like', 'food', 'sell'})"
0.010220735240115875,"frozenset({'good', 'buy', 'like', 'food', 'sell'})"
0.01017993390183198,"frozenset({'item', 'good', 'buy', 'like', 'food', 'sell'})"
0.01805969235790934,"frozenset({'like', 'good', 'buy'})"
0.017763882655351095,"frozenset({'like', 'good', 'sell'})"
0.017447672283650902,"frozenset({'item', 'like', 'good'})"
0.017156962748378145,"frozenset({'like', 'good', 'sell', 'buy'})"
0.017177363417520096,"frozenset({'item', 'like', 'good', 'sell'})"
0.017060059569953896,"frozenset({'item', 'like', 'good', 'buy'})"
0.01684585254396344,"frozenset({'item', 'good', 'buy', 'like', 'sell'})"
0.011449875555918233,"frozenset({'sugar', 'flour'})"
0.014382471745073238,"frozenset({'flour', 'buy'})"
0.024547105145048757,"frozenset({'pig', 'buy'})"
0.02095148720878045,"frozenset({'feed', 'pig'})"
0.016677547023542374,"frozenset({'raise', 'pig'})"
0.01387755518381003,"frozenset({'pig', 'supply'})"
0.017381370108939573,"frozenset({'pig', 'feed', 'buy'})"
0.013999959198661717,"frozenset({'raise', 'pig', 'buy'})"
0.013790852339956751,"frozenset({'raise', 'feed', 'pig'})"
0.012327104329021992,"frozenset({'raise', 'pig', 'feed', 'buy'})"
0.013495042637398506,"frozenset({'feed', 'pig', 'supply'})"
0.013326737116977436,"frozenset({'raise', 'pig', 'supply'})"
0.01241380717287527,"frozenset({'pig', 'buy', 'supply'})"
0.01316863193112734,"frozenset({'raise', 'feed', 'pig', 'supply'})"
0.012148598474029949,"frozenset({'pig', 'feed', 'buy', 'supply'})"
0.012036394793749235,"frozenset({'raise', 'pig', 'buy', 'supply'})"
0.011903790444326575,"frozenset({'raise', 'buy', 'feed', 'pig', 'supply'})"
0.015172997674323717,"frozenset({'buy', 'drink'})"
0.010123832061691623,"frozenset({'sand', 'cement'})"
0.010536945611816067,"frozenset({'solar', 'light'})"
0.012087396466604105,"frozenset({'snack', 'buy'})"
0.012510710351299522,"frozenset({'hybrid', 'seed'})"
0.01246480884573014,"frozenset({'hybrid', 'fertilizer'})"
0.011301970704639112,"frozenset({'hybrid', 'purchase'})"
0.01246480884573014,"frozenset({'hybrid', 'seed', 'fertilizer'})"
0.011281570035497164,"frozenset({'hybrid', 'fertilizer', 'purchase'})"
0.011281570035497164,"frozenset({'hybrid', 'seed', 'purchase'})"
0.011281570035497164,"frozenset({'hybrid', 'seed', 'fertilizer', 'purchase'})"
0.011393773715777877,"frozenset({'beverage', 'buy'})"
0.01051654494267412,"frozenset({'beverage', 'sell'})"
0.010950059161940511,"frozenset({'pesticide', 'buy'})"
0.011643681912766738,"frozenset({'pesticide', 'fertilizer'})"
0.02383308172508058,"frozenset({'can', 'buy'})"
0.02359847402994818,"frozenset({'good', 'can'})"
0.019110326818719655,"frozenset({'item', 'can'})"
0.013224733771267698,"frozenset({'food', 'can'})"
0.013199232934840262,"frozenset({'can', 'product'})"
0.012209800481455792,"frozenset({'can', 'grocery'})"
0.01827899955118528,"frozenset({'can', 'sell'})"
0.01688665388224734,"frozenset({'like', 'can'})"
0.02148700477375658,"frozenset({'good', 'can', 'buy'})"
0.01898282263658248,"frozenset({'item', 'good', 'can'})"
0.018641111428454853,"frozenset({'item', 'can', 'buy'})"
0.018559508751887062,"frozenset({'item', 'good', 'can', 'buy'})"
0.01268411603900608,"frozenset({'food', 'can', 'buy'})"
0.011985393120894366,"frozenset({'good', 'food', 'can'})"
0.010587947284670936,"frozenset({'item', 'food', 'can'})"
0.010450242767962789,"frozenset({'can', 'food', 'sell'})"
0.01160798074176833,"frozenset({'good', 'food', 'can', 'buy'})"
0.010506344608103145,"frozenset({'item', 'food', 'good', 'can'})"
0.010455342935248276,"frozenset({'item', 'food', 'can', 'buy'})"
0.010404341262393407,"frozenset({'item', 'good', 'can', 'buy', 'food'})"
0.010378840425965971,"frozenset({'can', 'good', 'food', 'sell'})"
0.010210534905544901,"frozenset({'can', 'food', 'sell', 'buy'})"
0.010016728548696396,"frozenset({'item', 'can', 'food', 'sell'})"
0.010159533232690032,"frozenset({'good', 'can', 'buy', 'food', 'sell'})"
0.012908523399567506,"frozenset({'good', 'can', 'product'})"
0.01269941654086254,"frozenset({'buy', 'can', 'product'})"
0.012021094291892773,"frozenset({'item', 'can', 'product'})"
0.012128197804888,"frozenset({'can', 'sell', 'product'})"
0.011684483251050634,"frozenset({'like', 'can', 'product'})"
0.012459708678444653,"frozenset({'buy', 'good', 'can', 'product'})"
0.011985393120894366,"frozenset({'item', 'good', 'can', 'product'})"
0.011873189440613652,"frozenset({'buy', 'item', 'can', 'product'})"
0.011781386429474888,"frozenset({'item', 'can', 'sell', 'product'})"
0.011847688604186217,"frozenset({'item', 'good', 'can', 'buy', 'product'})"
0.011755885593047452,"frozenset({'item', 'good', 'can', 'product', 'sell'})"
0.011653882247337712,"frozenset({'item', 'can', 'product', 'buy', 'sell'})"
0.011633481578195765,"frozenset({'item', 'good', 'can', 'buy', 'product', 'sell'})"
0.012097596801175078,"frozenset({'can', 'good', 'sell', 'product'})"
0.0118935901097556,"frozenset({'buy', 'can', 'sell', 'product'})"
0.011873189440613652,"frozenset({'good', 'can', 'buy', 'product', 'sell'})"
0.011638581745481252,"frozenset({'like', 'good', 'can', 'product'})"
0.011505977396058591,"frozenset({'item', 'like', 'can', 'product'})"
0.011505977396058591,"frozenset({'buy', 'like', 'can', 'product'})"
0.011383573381206904,"frozenset({'like', 'can', 'sell', 'product'})"
0.011490676894202129,"frozenset({'item', 'good', 'can', 'product', 'like'})"
0.011465176057774695,"frozenset({'good', 'can', 'buy', 'product', 'like'})"
0.011398873883063364,"frozenset({'item', 'can', 'product', 'buy', 'like'})"
0.011383573381206904,"frozenset({'item', 'good', 'can', 'buy', 'product', 'like'})"
0.011368272879350442,"frozenset({'good', 'can', 'product', 'like', 'sell'})"
0.011342772042923008,"frozenset({'item', 'can', 'product', 'like', 'sell'})"
0.011250969031784243,"frozenset({'can', 'product', 'buy', 'like', 'sell'})"
0.011327471541066546,"frozenset({'item', 'good', 'can', 'product', 'like', 'sell'})"
0.011235668529927781,"frozenset({'item', 'can', 'product', 'buy', 'like', 'sell'})"
0.011235668529927781,"frozenset({'good', 'can', 'buy', 'product', 'like', 'sell'})"
0.011220368028071321,"frozenset({'item', 'good', 'can', 'buy', 'product', 'like', 'sell'})"
0.011970092619037904,"frozenset({'can', 'good', 'grocery'})"
0.011755885593047452,"frozenset({'can', 'grocery', 'buy'})"
0.011184666857072912,"frozenset({'item', 'can', 'grocery'})"
0.011541678567057,"frozenset({'can', 'good', 'grocery', 'buy'})"
0.01113876535150353,"frozenset({'item', 'can', 'good', 'grocery'})"
0.011016361336651842,"frozenset({'item', 'can', 'grocery', 'buy'})"
0.01098576033293892,"frozenset({'item', 'good', 'can', 'buy', 'grocery'})"
0.018136194867191643,"frozenset({'can', 'good', 'sell'})"
0.017274266595944346,"frozenset({'can', 'sell', 'buy'})"
0.016708148027255294,"frozenset({'item', 'can', 'sell'})"
0.017177363417520096,"frozenset({'can', 'good', 'sell', 'buy'})"
0.016672446856256885,"frozenset({'item', 'can', 'good', 'sell'})"
0.016407238157411564,"frozenset({'item', 'can', 'sell', 'buy'})"
0.01638173732098413,"frozenset({'item', 'good', 'can', 'buy', 'sell'})"
0.016784650536537597,"frozenset({'like', 'good', 'can'})"
0.015932922599861274,"frozenset({'like', 'can', 'buy'})"
0.015749316577583744,"frozenset({'like', 'can', 'sell'})"
0.015718715573870824,"frozenset({'item', 'like', 'can'})"
0.015836019421437024,"frozenset({'like', 'good', 'can', 'buy'})"
0.015728915908441797,"frozenset({'like', 'can', 'good', 'sell'})"
0.015346403362030275,"frozenset({'like', 'can', 'sell', 'buy'})"
0.015326002692888327,"frozenset({'good', 'can', 'buy', 'like', 'sell'})"
0.015683014402872415,"frozenset({'item', 'like', 'good', 'can'})"
0.0154535068750255,"frozenset({'item', 'can', 'sell', 'like'})"
0.015433106205883554,"frozenset({'item', 'like', 'can', 'buy'})"
0.015433106205883554,"frozenset({'item', 'good', 'can', 'like', 'sell'})"
0.015397405034885145,"frozenset({'item', 'good', 'can', 'buy', 'like'})"
0.0152188991798931,"frozenset({'item', 'can', 'buy', 'like', 'sell'})"
0.015198498510751153,"frozenset({'item', 'good', 'can', 'buy', 'like', 'sell'})"
0.05149638908156187,"frozenset({'water', 'drinking'})"
0.04814557917499694,"frozenset({'drinking', 'provide'})"
0.046906238524623604,"frozenset({'drinking', 'buy'})"
0.04573320004896161,"frozenset({'drinking', 'family'})"
0.04814557917499694,"frozenset({'water', 'drinking', 'provide'})"
0.046809335346199354,"frozenset({'water', 'drinking', 'buy'})"
0.04647272430535722,"frozenset({'drinking', 'provide', 'buy'})"
0.04647272430535722,"frozenset({'water', 'drinking', 'provide', 'buy'})"
0.04573320004896161,"frozenset({'water', 'drinking', 'family'})"
0.045631196703251865,"frozenset({'provide', 'drinking', 'family'})"
0.045437390346403365,"frozenset({'drinking', 'family', 'buy'})"
0.045631196703251865,"frozenset({'water', 'provide', 'drinking', 'family'})"
0.045437390346403365,"frozenset({'water', 'drinking', 'family', 'buy'})"
0.045437390346403365,"frozenset({'provide', 'drinking', 'family', 'buy'})"
0.045437390346403365,"frozenset({'provide', 'water', 'drinking', 'buy', 'family'})"
0.04979803337549472,"frozenset({'water', 'safe'})"
0.04977253253906728,"frozenset({'drinking', 'safe'})"
0.047079644212330164,"frozenset({'provide', 'safe'})"
0.04688073768819617,"frozenset({'safe', 'buy'})"
0.046039210086090826,"frozenset({'family', 'safe'})"
0.04977253253906728,"frozenset({'water', 'drinking', 'safe'})"
0.046773634175200945,"frozenset({'water', 'provide', 'safe'})"
0.04676853400791546,"frozenset({'drinking', 'safe', 'provide'})"
0.04676853400791546,"frozenset({'water', 'drinking', 'safe', 'provide'})"
0.0466359296584928,"frozenset({'provide', 'safe', 'buy'})"
0.04655432698192501,"frozenset({'water', 'safe', 'buy'})"
0.046539026480068545,"frozenset({'drinking', 'safe', 'buy'})"
0.04645742380350076,"frozenset({'water', 'provide', 'safe', 'buy'})"
0.046539026480068545,"frozenset({'water', 'drinking', 'safe', 'buy'})"
0.046452323636215265,"frozenset({'drinking', 'safe', 'provide', 'buy'})"
0.046452323636215265,"frozenset({'provide', 'safe', 'water', 'drinking', 'buy'})"
0.04587090456566975,"frozenset({'family', 'safe', 'provide'})"
0.04573320004896161,"frozenset({'water', 'family', 'safe'})"
0.04572809988167612,"frozenset({'drinking', 'safe', 'family'})"
0.045656697539679304,"frozenset({'family', 'safe', 'buy'})"
0.045631196703251865,"frozenset({'water', 'family', 'safe', 'provide'})"
0.04572809988167612,"frozenset({'water', 'drinking', 'safe', 'family'})"
0.04562609653596638,"frozenset({'provide', 'drinking', 'safe', 'family'})"
0.04562609653596638,"frozenset({'provide', 'safe', 'water', 'drinking', 'family'})"
0.04560059569953895,"frozenset({'family', 'safe', 'provide', 'buy'})"
0.04544249051368885,"frozenset({'water', 'family', 'safe', 'buy'})"
0.045437390346403365,"frozenset({'drinking', 'safe', 'family', 'buy'})"
0.04544249051368885,"frozenset({'provide', 'safe', 'water', 'buy', 'family'})"
0.045437390346403365,"frozenset({'provide', 'safe', 'drinking', 'buy', 'family'})"
0.045437390346403365,"frozenset({'safe', 'water', 'drinking', 'buy', 'family'})"
0.045437390346403365,"frozenset({'provide', 'safe', 'water', 'drinking', 'buy', 'family'})"
0.05015504508547881,"frozenset({'water', 'filter'})"
0.049685829695214005,"frozenset({'drinking', 'filter'})"
0.04968072952792851,"frozenset({'safe', 'filter'})"
0.04688073768819617,"frozenset({'filter', 'buy'})"
0.04669713166591864,"frozenset({'provide', 'filter'})"
0.04575870088538904,"frozenset({'family', 'filter'})"
0.049685829695214005,"frozenset({'water', 'drinking', 'filter'})"
0.04968072952792851,"frozenset({'water', 'safe', 'filter'})"
0.04967562936064303,"frozenset({'drinking', 'safe', 'filter'})"
0.04967562936064303,"frozenset({'water', 'drinking', 'safe', 'filter'})"
0.046773634175200945,"frozenset({'water', 'filter', 'buy'})"
0.046503325309070136,"frozenset({'drinking', 'filter', 'buy'})"
0.04649822514178465,"frozenset({'safe', 'filter', 'buy'})"
0.046503325309070136,"frozenset({'water', 'drinking', 'filter', 'buy'})"
0.04649822514178465,"frozenset({'water', 'safe', 'filter', 'buy'})"
0.046493124974499166,"frozenset({'drinking', 'safe', 'filter', 'buy'})"
0.046493124974499166,"frozenset({'safe', 'water', 'drinking', 'buy', 'filter'})"
0.04669713166591864,"frozenset({'water', 'provide', 'filter'})"
0.04668183116406218,"frozenset({'provide', 'drinking', 'filter'})"
0.046676730996776696,"frozenset({'provide', 'safe', 'filter'})"
0.04642682279978783,"frozenset({'provide', 'filter', 'buy'})"
0.04668183116406218,"frozenset({'water', 'provide', 'drinking', 'filter'})"
0.046676730996776696,"frozenset({'water', 'provide', 'safe', 'filter'})"
0.04667163082949121,"frozenset({'provide', 'drinking', 'safe', 'filter'})"
0.04667163082949121,"frozenset({'provide', 'safe', 'water', 'drinking', 'filter'})"
0.04642682279978783,"frozenset({'water', 'provide', 'filter', 'buy'})"
0.046416622465216856,"frozenset({'provide', 'drinking', 'filter', 'buy'})"
0.04641152229793137,"frozenset({'provide', 'safe', 'filter', 'buy'})"
0.046416622465216856,"frozenset({'provide', 'water', 'drinking', 'buy', 'filter'})"
0.04641152229793137,"frozenset({'provide', 'safe', 'water', 'buy', 'filter'})"
0.046406422130645886,"frozenset({'provide', 'safe', 'drinking', 'buy', 'filter'})"
0.046406422130645886,"frozenset({'provide', 'safe', 'water', 'drinking', 'buy', 'filter'})"
0.04575870088538904,"frozenset({'water', 'family', 'filter'})"
0.04573320004896161,"frozenset({'family', 'safe', 'filter'})"
0.04572809988167612,"frozenset({'family', 'drinking', 'filter'})"
0.04563629687053735,"frozenset({'provide', 'family', 'filter'})"
0.0454628911828308,"frozenset({'family', 'filter', 'buy'})"
0.04573320004896161,"frozenset({'water', 'family', 'safe', 'filter'})"
0.04572809988167612,"frozenset({'family', 'drinking', 'safe', 'filter'})"
0.04572809988167612,"frozenset({'family', 'drinking', 'water', 'filter'})"
0.04572809988167612,"frozenset({'safe', 'water', 'drinking', 'family', 'filter'})"
0.04563629687053735,"frozenset({'water', 'provide', 'family', 'filter'})"
0.045631196703251865,"frozenset({'provide', 'family', 'safe', 'filter'})"
0.04562609653596638,"frozenset({'family', 'provide', 'drinking', 'filter'})"
0.045631196703251865,"frozenset({'provide', 'safe', 'water', 'family', 'filter'})"
0.04562609653596638,"frozenset({'provide', 'water', 'drinking', 'family', 'filter'})"
0.04562609653596638,"frozenset({'provide', 'safe', 'drinking', 'family', 'filter'})"
0.04562609653596638,"frozenset({'provide', 'safe', 'water', 'drinking', 'family', 'filter'})"
0.0454628911828308,"frozenset({'water', 'family', 'filter', 'buy'})"
0.04544249051368885,"frozenset({'provide', 'family', 'filter', 'buy'})"
0.04544249051368885,"frozenset({'family', 'safe', 'filter', 'buy'})"
0.045437390346403365,"frozenset({'family', 'drinking', 'filter', 'buy'})"
0.04544249051368885,"frozenset({'provide', 'water', 'buy', 'family', 'filter'})"
0.04544249051368885,"frozenset({'safe', 'water', 'buy', 'family', 'filter'})"
0.045437390346403365,"frozenset({'water', 'drinking', 'buy', 'family', 'filter'})"
0.04544249051368885,"frozenset({'provide', 'safe', 'buy', 'family', 'filter'})"
0.045437390346403365,"frozenset({'provide', 'drinking', 'buy', 'family', 'filter'})"
0.045437390346403365,"frozenset({'safe', 'drinking', 'buy', 'family', 'filter'})"
0.04544249051368885,"frozenset({'provide', 'safe', 'water', 'buy', 'family', 'filter'})"
0.045437390346403365,"frozenset({'provide', 'water', 'drinking', 'buy', 'family', 'filter'})"
0.045437390346403365,"frozenset({'safe', 'water', 'drinking', 'buy', 'family', 'filter'})"
0.045437390346403365,"frozenset({'provide', 'safe', 'drinking', 'buy', 'family', 'filter'})"
0.045437390346403365,"frozenset({'provide', 'safe', 'water', 'drinking', 'buy', 'family', 'filter'})"
0.019666245052837733,"frozenset({'farm', 'input'})"
0.014239667061079604,"frozenset({'input', 'buy'})"
0.010429842098820842,"frozenset({'farm', 'input', 'buy'})"
0.01639703782284059,"frozenset({'sanitary', 'toilet'})"
0.016096127952996857,"frozenset({'sanitary', 'build'})"
0.01581051858500959,"frozenset({'sanitary', 'family'})"
0.016029825778285527,"frozenset({'sanitary', 'build', 'toilet'})"
0.015779917581296668,"frozenset({'sanitary', 'family', 'toilet'})"
0.015734016075727286,"frozenset({'sanitary', 'build', 'family'})"
0.015713615406585335,"frozenset({'sanitary', 'build', 'family', 'toilet'})"
0.01137337304663593,"frozenset({'personal', 'product'})"
0.010572646782814476,"frozenset({'personal', 'care'})"
0.010312538251254642,"frozenset({'personal', 'buy'})"
0.01055224611367253,"frozenset({'personal', 'care', 'product'})"
0.01017993390183198,"frozenset({'buy', 'personal', 'product'})"
